{
  "publicPath": "/dist/",
  "all": [
    "0.1747218206a861cc0766.js",
    "vendor.898d0b83fd09f897a409.js",
    "app.4fc4c5bdc19acadf25c5.js",
    "manifest.6ec39a4aac536f1c1bb9.js",
    "common.4fc4c5bdc19acadf25c5.css"
  ],
  "initial": [
    "manifest.6ec39a4aac536f1c1bb9.js",
    "vendor.898d0b83fd09f897a409.js",
    "app.4fc4c5bdc19acadf25c5.js"
  ],
  "async": [
    "0.1747218206a861cc0766.js"
  ],
  "modules": {
    "09cd475a": [
      1
    ],
    "c864e2e8": [
      1
    ],
    "0f87c9d9": [
      1
    ],
    "d38b48b6": [
      1
    ],
    "a268a21c": [
      2,
      4
    ],
    "fc05e222": [
      2,
      4
    ],
    "ef2140aa": [
      2,
      4
    ],
    "29e61c92": [
      1
    ],
    "558519c4": [
      1
    ],
    "59f55e5f": [
      1
    ],
    "93b9f602": [
      1
    ],
    "3c519e2e": [
      1
    ],
    "870afdce": [
      2,
      4
    ],
    "fd29367c": [
      1
    ],
    "6eb483ae": [
      1
    ],
    "f552f7bc": [
      2,
      4
    ],
    "a775702e": [
      2,
      4
    ],
    "4b72015a": [
      1
    ],
    "14b61429": [
      1
    ],
    "1d714043": [
      1
    ],
    "65d3f09c": [
      0
    ],
    "38c2e3f3": [
      0
    ],
    "09401a0e": [
      0
    ]
  }
}