{
  "publicPath": "/dist/",
  "all": [
    "0.83048bb3f9597272f3d9.js",
    "vendor.898d0b83fd09f897a409.js",
    "app.0d34cf506fd64e11491b.js",
    "manifest.92ce06bb181710a9b6a3.js",
    "common.0d34cf506fd64e11491b.css"
  ],
  "initial": [
    "manifest.92ce06bb181710a9b6a3.js",
    "vendor.898d0b83fd09f897a409.js",
    "app.0d34cf506fd64e11491b.js"
  ],
  "async": [
    "0.83048bb3f9597272f3d9.js"
  ],
  "modules": {
    "09cd475a": [
      1
    ],
    "c864e2e8": [
      1
    ],
    "0f87c9d9": [
      1
    ],
    "d38b48b6": [
      1
    ],
    "79de9d20": [
      2,
      4
    ],
    "fc05e222": [
      2,
      4
    ],
    "ef2140aa": [
      2,
      4
    ],
    "29e61c92": [
      1
    ],
    "558519c4": [
      1
    ],
    "59f55e5f": [
      1
    ],
    "93b9f602": [
      1
    ],
    "3c519e2e": [
      1
    ],
    "870afdce": [
      2,
      4
    ],
    "fd29367c": [
      1
    ],
    "6eb483ae": [
      1
    ],
    "775c0c50": [
      2,
      4
    ],
    "a775702e": [
      2,
      4
    ],
    "4b72015a": [
      1
    ],
    "14b61429": [
      1
    ],
    "1d714043": [
      1
    ],
    "02bf4da0": [
      0
    ],
    "6a4d3571": [
      0
    ],
    "09b54fe8": [
      0
    ]
  }
}